insert into dealers (id, name, city, street, zip) values (1, 'Thoughtworks', 'Lypnyazhka', 'Jenna', '63941');
insert into dealers (id, name, city, street, zip) values (2, 'Agimba', 'Pompano Beach', 'Oneill', '10738');
insert into dealers (id, name, city, street, zip) values (3, 'Lazzy', 'Cential', 'Hooker', '63029');
insert into dealers (id, name, city, street, zip) values (4, 'Avavee', 'San Juan del Surutú', 'Del Sol', '51079');
insert into dealers (id, name, city, street, zip) values (5, 'Oloo', 'Xinjie', 'Tony', '10544');
insert into dealers (id, name, city, street, zip) values (6, 'Zoozzy', 'Xin’an', 'Schlimgen', '0068');
insert into dealers (id, name, city, street, zip) values (7, 'Jamia', 'Zbąszynek', 'Oak', '53808');
insert into dealers (id, name, city, street, zip) values (8, 'Jetwire', 'Nanae', 'Elka', '36987');
insert into dealers (id, name, city, street, zip) values (9, 'Ailane', 'Spasskoye', 'Macpherson', '50544');
insert into dealers (id, name, city, street, zip) values (10, 'Voomm', 'Gudja', 'Ryan', '49035');

insert into options (id, color, engine, transmission) values (1, 'Yellow', 'Diesel', 'Auto');
insert into options (id, color, engine, transmission) values (2, 'Orange', 'Diesel', 'Auto');
insert into options (id, color, engine, transmission) values (3, 'Crimson', 'Diesel', 'Auto');
insert into options (id, color, engine, transmission) values (4, 'Orange', 'Gas', 'Manual');
insert into options (id, color, engine, transmission) values (5, 'Maroon', 'Diesel', 'Manual');
insert into options (id, color, engine, transmission) values (6, 'Pink', 'Diesel', 'Auto');
insert into options (id, color, engine, transmission) values (7, 'Violet', 'Diesel', 'Auto');
insert into options (id, color, engine, transmission) values (8, 'Mauv', 'Gas', 'Manual');
insert into options (id, color, engine, transmission) values (9, 'Indigo', 'Diesel', 'Auto');
insert into options (id, color, engine, transmission) values (10, 'Red', 'Gas', 'Auto');

insert into car_company (name, foundation_date) values ('Volkswagen Group', '6/7/2003');
insert into car_company (name, foundation_date) values ('Nissan Group', '12/1/2005');
insert into car_company (name, foundation_date) values ('BMW Group', '12/30/2000');
insert into car_company (name, foundation_date) values ('Mercedes-Benz', '1/11/2000');
insert into car_company (name, foundation_date) values ('Toyota Group', '11/20/2000');
insert into car_company (name, foundation_date) values ('Hyundai Motor Group', '11/20/1999');

insert into brands (name, comp_name, foundation_date) values ('Kia', 'Hyundai Motor Group', '4/25/2005');
insert into brands (name, comp_name, foundation_date) values ('Hyundai', 'Hyundai Motor Group', '2/19/2004');
insert into brands (name, comp_name, foundation_date) values ('Audi', 'Volkswagen Group', '2/17/2004');
insert into brands (name, comp_name, foundation_date) values ('Toyota', 'Toyota Group', '7/21/2001');
insert into brands (name, comp_name, foundation_date) values ('Lexus', 'Toyota Group', '3/24/2004');
insert into brands (name, comp_name, foundation_date) values ('Nissan', 'Nissan Group', '1/1/2003');
insert into brands (name, comp_name, foundation_date) values ('Infinity', 'Nissan Group', '12/10/2002');
insert into brands (name, comp_name, foundation_date) values ('Volkswagen', 'Volkswagen Group', '4/3/2002');
insert into brands (name, comp_name, foundation_date) values ('Mercedes', 'Mercedes-Benz', '7/30/2000');
insert into brands (name, comp_name, foundation_date) values ('BMW', 'BMW Group', '6/21/2004');

insert into models (name, year, doors, convertible, body_type, brand_name) values ('Rio', 1999, 4, false, '4-door', 'Kia');
insert into models (name, year, doors, convertible, body_type, brand_name) values ('Sorento', 2012, 5, false, 'wagon', 'Kia');
insert into models (name, year, doors, convertible, body_type, brand_name) values ('Solaris', 2002, 4, true, '4-door', 'Hyundai');
insert into models (name, year, doors, convertible, body_type, brand_name) values ('Accent', 2007, 4, false, '4-door', 'Hyundai');
insert into models (name, year, doors, convertible, body_type, brand_name) values ('R8', 2001, 2, true, 'coupe', 'Audi');
insert into models (name, year, doors, convertible, body_type, brand_name) values ('A6', 2004, 5, false, 'wagon', 'Audi');
insert into models (name, year, doors, convertible, body_type, brand_name) values ('LC200', 2006, 5, false, 'wagon', 'Toyota');
insert into models (name, year, doors, convertible, body_type, brand_name) values ('Camry', 1968, 4, false, '4-door', 'Toyota');
insert into models (name, year, doors, convertible, body_type, brand_name) values ('LC500', 1997, 2, true, 'coupe', 'Lexus');
insert into models (name, year, doors, convertible, body_type, brand_name) values ('LX570', 2012, 5, true, 'wagon', 'Lexus');
insert into models (name, year, doors, convertible, body_type, brand_name) values ('GTR', 1998, 2, true, 'coupe', 'Nissan');
insert into models (name, year, doors, convertible, body_type, brand_name) values ('Almera', 1988, 4, false, '4-door', 'Nissan');
insert into models (name, year, doors, convertible, body_type, brand_name) values ('QX80', 2000, 5, true, 'wagon', 'Infinity');
insert into models (name, year, doors, convertible, body_type, brand_name) values ('G35', 1997, 4, true, '4-door', 'Infinity');
insert into models (name, year, doors, convertible, body_type, brand_name) values ('Polo', 2009, 4, false, '4-door', 'Volkswagen');
insert into models (name, year, doors, convertible, body_type, brand_name) values ('Golf', 1996, 3, true, 'hatchback', 'Volkswagen');
insert into models (name, year, doors, convertible, body_type, brand_name) values ('S-class', 2011, 4, false, '4-door', 'Mercedes');
insert into models (name, year, doors, convertible, body_type, brand_name) values ('EQS', 2010, 2, true, 'coupe', 'Mercedes');
insert into models (name, year, doors, convertible, body_type, brand_name) values ('I8', 2010, 5, true, 'coupe', 'BMW');
insert into models (name, year, doors, convertible, body_type, brand_name) values ('M5', 2002, 4, false, '4-door', 'BMW');

insert into factory (id, name) values (1, 'Volkswagen Group');
insert into factory (id, name) values (2, 'Nissan Group');
insert into factory (id, name) values (3, 'BMW Group');
insert into factory (id, name) values (4, 'Mercedes-Benz');
insert into factory (id, name) values (5, 'Toyota Group');
insert into factory (id, name) values (6, 'Hyundai Motor Group');

insert into suppliers (name, city, street, zip) values ('Bosch', 'Santa Inês', 'Derek', 33581);
insert into suppliers (name, city, street, zip) values ('Getrag', 'Stanari', 'Stone Corner', 60021);
insert into suppliers (name, city, street, zip) values ('Jeep', 'Casais de Vera Cruz', 'Gale', 37590);
insert into suppliers (name, city, street, zip) values ('Toyota', 'Xudat', 'Meadow Ridge', 36170);
insert into suppliers (name, city, street, zip) values ('Jaguar', 'Monte da Chaminé', 'Cardinal', 39793);
insert into suppliers (name, city, street, zip) values ('Mercedes-Benz', 'Malaga', 'Buell', 71115);
insert into suppliers (name, city, street, zip) values ('Ford', 'Złoczew', 'Mallory', 53085);
insert into suppliers (name, city, street, zip) values ('BMW', 'Shebekino', 'Haas', 45380);
insert into suppliers (name, city, street, zip) values ('Volvo', 'Freiburg im Breisgau', 'Bartelt', 93405);
insert into suppliers (name, city, street, zip) values ('Smart', 'Aqtoghay', 'Cascade', 84433);

insert into parts (id, name, date, suppliers_name) values (1, 'Engine', '2/13/2016', 'Ford');
insert into parts (id, name, date, suppliers_name) values (2, 'Engine', '3/1/2019', 'Mercedes-Benz');
insert into parts (id, name, date, suppliers_name) values (3, 'Suspension', '10/28/2020', 'BMW');
insert into parts (id, name, date, suppliers_name) values (4, 'Suspension', '3/7/2011', 'Volvo');
insert into parts (id, name, date, suppliers_name) values (5, 'Transmission', '5/21/2014', 'Getrag');
insert into parts (id, name, date, suppliers_name) values (6, 'Transmission', '7/21/2016', 'Ford');
insert into parts (id, name, date, suppliers_name) values (7, 'Transmission', '5/21/2018', 'Getrag');
insert into parts (id, name, date, suppliers_name) values (8, 'Brakes', '8/8/2014', 'Smart');
insert into parts (id, name, date, suppliers_name) values (9, 'Brakes', '12/26/2018', 'Toyota');
insert into parts (id, name, date, suppliers_name) values (10, 'Carcase', '2/13/2018', 'Mercedes-Benz');
insert into parts (id, name, date, suppliers_name) values (11, 'Carcase', '3/19/2019', 'BMW');

insert into vehicles (vin, date,  option_id, model_name, transmission_id, engine_id, factory_id) values ('5N1AT2ML4FC335700', '7/11/2014', 3, 'Rio', 5, 1, 1);
insert into vehicles (vin, date,  option_id, model_name, transmission_id, engine_id, factory_id) values ('WBAYE8C52ED914628', '3/2/2020',  5, 'Rio', 6, 1, 2);
insert into vehicles (vin, date,  option_id, model_name, transmission_id, engine_id, factory_id) values ('1G6DM577480503731', '5/8/2020',  3, 'Sorento', 6, 2, 4);
insert into vehicles (vin, date,  option_id, model_name, transmission_id, engine_id, factory_id) values ('WVGAV3AX3DW121042', '10/30/2019', 4, 'Sorento', 5, 1, 1);
insert into vehicles (vin, date,  option_id, model_name, transmission_id, engine_id, factory_id) values ('3VW4T7AT2DM903647', '1/20/2016', 4, 'Solaris', 6, 1, 6);
insert into vehicles (vin, date,  option_id, model_name, transmission_id, engine_id, factory_id) values ('JH4DC53863C812816', '5/7/2017',  7, 'Solaris', 7, 1, 5);
insert into vehicles (vin, date,  option_id, model_name, transmission_id, engine_id, factory_id) values ('WAUAF78E07A630243', '11/16/2019', 9, 'Accent', 7, 1, 5);
insert into vehicles (vin, date,  option_id, model_name, transmission_id, engine_id, factory_id) values ('2C3CDXL92FH842562', '12/2/2011',  3, 'Accent', 6, 2, 2);
insert into vehicles (vin, date,  option_id, model_name, transmission_id, engine_id, factory_id) values ('4T1BF3EK3BU005719', '3/4/2013',  5, 'R8', 7, 2, 6);
insert into vehicles (vin, date,  option_id, model_name, transmission_id, engine_id, factory_id) values ('JTDKN3DP7C3840170', '4/15/2017',  9, 'R8', 5, 1, 5);
insert into vehicles (vin, date,  option_id, model_name, transmission_id, engine_id, factory_id) values ('WBA3N3C50EK914992', '6/24/2013',  3, 'A6', 5, 1, 6);
insert into vehicles (vin, date,  option_id, model_name, transmission_id, engine_id, factory_id) values ('3FADP4AJ4EM159450', '3/23/2019',  2, 'A6', 6, 1, 6);
insert into vehicles (vin, date,  option_id, model_name, transmission_id, engine_id, factory_id) values ('WAUMF78K79A822569', '1/30/2011', 10, 'LC200', 5, 2, 3);
insert into vehicles (vin, date,  option_id, model_name, transmission_id, engine_id, factory_id) values ('WAUUL98E16A148753', '3/5/2011',  10, 'LC200', 7, 2, 4);
insert into vehicles (vin, date,  option_id, model_name, transmission_id, engine_id, factory_id) values ('3C3CFFDR8CT619562', '2/14/2017', 2, 'LX570', 5, 1, 6);
insert into vehicles (vin, date,  option_id, model_name, transmission_id, engine_id, factory_id) values ('1FTEW1CM5BF736079', '7/25/2013',  3, 'LX570', 5, 2, 3);
insert into vehicles (vin, date,  option_id, model_name, transmission_id, engine_id, factory_id) values ('WP0CA2A81FS356710', '10/27/2017',  6, 'GTR', 6, 2, 4);
insert into vehicles (vin, date,  option_id, model_name, transmission_id, engine_id, factory_id) values ('3C4PDDDG2FT187772', '3/20/2018', 9, 'GTR', 6, 2, 6);
insert into vehicles (vin, date,  option_id, model_name, transmission_id, engine_id, factory_id) values ('1FTEW1CM8EF457911', '9/23/2018',  7, 'Almera', 5, 1, 2);
insert into vehicles (vin, date,  option_id, model_name, transmission_id, engine_id, factory_id) values ('3VW467AT6DM946816', '4/19/2014',  9, 'Almera', 7, 1, 6);
insert into vehicles (vin, date,  option_id, model_name, transmission_id, engine_id, factory_id) values ('WAULFAFR0BA400965', '6/27/2017',  6, 'QX80', 5, 1, 2);
insert into vehicles (vin, date,  option_id, model_name, transmission_id, engine_id, factory_id) values ('WBA3A5G58EN318187', '10/8/2019',  6, 'QX80', 7, 2, 5);
insert into vehicles (vin, date,  option_id, model_name, transmission_id, engine_id, factory_id) values ('WDDEJ7HBXAA661005', '9/15/2017',  7, 'G35', 7, 2, 5);
insert into vehicles (vin, date,  option_id, model_name, transmission_id, engine_id, factory_id) values ('JM3TB2MA0A0715519', '11/11/2016',  7, 'G35', 7, 2, 2);
insert into vehicles (vin, date,  option_id, model_name, transmission_id, engine_id, factory_id) values ('WAUAF68E05A476589', '5/20/2015',  7, 'Polo', 7, 1, 1);
insert into vehicles (vin, date,  option_id, model_name, transmission_id, engine_id, factory_id) values ('WAUAH94F86N547235', '6/9/2019',  7, 'Polo', 7, 1, 6);
insert into vehicles (vin, date,  option_id, model_name, transmission_id, engine_id, factory_id) values ('3GYT4MEF6CG631500', '2/18/2019',  8, 'Golf', 7, 1, 2);
insert into vehicles (vin, date,  option_id, model_name, transmission_id, engine_id, factory_id) values ('WBAFB33401L413571', '10/10/2015', 9, 'Golf', 6, 1, 1);
insert into vehicles (vin, date,  option_id, model_name, transmission_id, engine_id, factory_id) values ('WAUFFAFC6EN487616', '11/25/2012', 9, 'S-class', 5, 2, 5);
insert into vehicles (vin, date,  option_id, model_name, transmission_id, engine_id, factory_id) values ('SCFBB03C09G363946', '5/18/2014', 9, 'S-class', 6, 2, 4);
insert into vehicles (vin, date,  option_id, model_name, transmission_id, engine_id, factory_id) values ('WBASP0C57DC068941', '1/23/2012', 5, 'EQS', 6, 2, 2);
insert into vehicles (vin, date,  option_id, model_name, transmission_id, engine_id, factory_id) values ('WBSBL93466P734296', '4/26/2016', 5, 'EQS', 7, 2, 3);
insert into vehicles (vin, date,  option_id, model_name, transmission_id, engine_id, factory_id) values ('1D4PT5GKXBW184277', '4/27/2016', 1, 'I8', 5, 1, 6);
insert into vehicles (vin, date,  option_id, model_name, transmission_id, engine_id, factory_id) values ('3C6TD5KT2CG156862', '3/24/2011', 8, 'I8', 6, 1, 2);
insert into vehicles (vin, date,  option_id, model_name, transmission_id, engine_id, factory_id) values ('1GYS4NKJ1FR804273', '1/12/2017', 6, 'M5', 5, 1, 4);
insert into vehicles (vin, date,  option_id, model_name, transmission_id, engine_id, factory_id) values ('2C3CDXDT6EH326911', '7/12/2015', 1, 'M5', 5, 2, 6);
insert into vehicles (vin, date,  option_id, model_name, transmission_id, engine_id, factory_id) values ('1HGCR2E73FA228924', '4/3/2017', 9, 'Rio', 6, 2, 2);
insert into vehicles (vin, date,  option_id, model_name, transmission_id, engine_id, factory_id) values ('1ZVBP8AM9C5151167', '2/9/2020', 1, 'Rio', 6, 1, 4);
insert into vehicles (vin, date,  option_id, model_name, transmission_id, engine_id, factory_id) values ('WAUVVAFR3BA790620', '8/5/2013', 4, 'Solaris', 6, 1, 6);
insert into vehicles (vin, date,  option_id, model_name, transmission_id, engine_id, factory_id) values ('JH4DC53072C447443', '9/18/2015', 5, 'Solaris', 6, 1, 4);

insert into vehicles (vin, date, option_id, model_name, transmission_id, engine_id, factory_id) values ('3N1AB7AP9FY249031', '11/17/2016', 4, 'Accent', 6, 2, 5);
insert into vehicles (vin, date, option_id, model_name, transmission_id, engine_id, factory_id) values ('WBA3V5C56F5071778', '8/21/2013', 4, 'Accent', 7, 2, 1);
insert into vehicles (vin, date, option_id, model_name, transmission_id, engine_id, factory_id) values ('1N6AD0CW6EN552232', '9/28/2013', 6, 'R8', 6, 2, 5);
insert into vehicles (vin, date, option_id, model_name, transmission_id, engine_id, factory_id) values ('WBA3N7C53FK555016', '8/24/2012', 2, 'R8', 6, 2, 2);
insert into vehicles (vin, date, option_id, model_name, transmission_id, engine_id, factory_id) values ('JN1AZ4FH5FM827432', '4/25/2019', 8, 'A6', 5, 1, 4);
insert into vehicles (vin, date, option_id, model_name, transmission_id, engine_id, factory_id) values ('WAUEH98E86A263338', '9/4/2012', 1, 'A6', 7, 1, 6);
insert into vehicles (vin, date, option_id, model_name, transmission_id, engine_id, factory_id) values ('1G6DE8E54D0311428', '12/19/2014', 5, 'LC200', 5, 1, 5);
insert into vehicles (vin, date, option_id, model_name, transmission_id, engine_id, factory_id) values ('1G4PR5SK1D4239910', '7/3/2017', 1, 'LC200', 7, 2, 2);
insert into vehicles (vin, date, option_id, model_name, transmission_id, engine_id, factory_id) values ('WAULT68E62A090482', '4/3/2018', 9, 'LX570', 7, 2, 4);
insert into vehicles (vin, date, option_id, model_name, transmission_id, engine_id, factory_id) values ('WA1UFAFL7EA247101', '12/2/2019', 3, 'LX570', 7, 1, 2);
insert into vehicles (vin, date, option_id, model_name, transmission_id, engine_id, factory_id) values ('1G4HP57257U032878', '12/22/2018', 1, 'GTR', 5, 2, 3);
insert into vehicles (vin, date, option_id, model_name, transmission_id, engine_id, factory_id) values ('KM8NU4CC6CU852417', '6/6/2015', 8, 'GTR', 5, 2, 1);
insert into vehicles (vin, date, option_id, model_name, transmission_id, engine_id, factory_id) values ('1G6DS5EV5A0915704', '2/6/2015', 9, 'Almera', 6, 2, 2);
insert into vehicles (vin, date, option_id, model_name, transmission_id, engine_id, factory_id) values ('JN1CV6FE9FM078897', '3/25/2015', 5, 'Almera', 7, 2, 3);
insert into vehicles (vin, date, option_id, model_name, transmission_id, engine_id, factory_id) values ('1N4AL3AP9DC825845', '3/12/2018', 1, 'QX80', 7, 2, 5);
insert into vehicles (vin, date, option_id, model_name, transmission_id, engine_id, factory_id) values ('1N6AA0EC5EN679064', '4/5/2018', 10, 'QX80', 7, 2, 2);
insert into vehicles (vin, date, option_id, model_name, transmission_id, engine_id, factory_id) values ('WAUYP54B41N457466', '9/14/2013', 7, 'G35', 5, 1, 2);
insert into vehicles (vin, date, option_id, model_name, transmission_id, engine_id, factory_id) values ('1G6AS5SX3E0585317', '12/24/2011', 4, 'G35', 7, 2, 4);
insert into vehicles (vin, date, option_id, model_name, transmission_id, engine_id, factory_id) values ('WAUML54D41N416363', '8/3/2012', 10, 'Polo', 5, 1, 2);
insert into vehicles (vin, date, option_id, model_name, transmission_id, engine_id, factory_id) values ('2C3CCABG6CH261402', '12/18/2018', 7, 'Polo', 6, 2, 5);

insert into customer (id, first_name, last_name, city, street, zip, gender, annual_income) values (1, 'Drake', 'Arlow', 'Taihe', 'Bonner', 93960, 'Male', 56279);
insert into customer (id, first_name, last_name, city, street, zip, gender, annual_income) values (2, 'Jerrome', 'Standell', 'Tremembé', 'Judy', 42912, 'Male', 151111);
insert into customer (id, first_name, last_name, city, street, zip, gender, annual_income) values (3, 'Tiler', 'Huikerby', 'Tanjungsari Barat', 'Anzinger', 20746, 'Male', 111322);
insert into customer (id, first_name, last_name, city, street, zip, gender, annual_income) values (4, 'Waldon', 'McIlreavy', 'Gazojak', 'Crownhardt', 36478, 'Male', 191716);
insert into customer (id, first_name, last_name, city, street, zip, gender, annual_income) values (5, 'Nissie', 'Davidoff', 'Prroshyan', 'Stuart', 70848, 'Female', 132833);
insert into customer (id, first_name, last_name, city, street, zip, gender, annual_income) values (6, 'Lilias', 'Ilyushkin', 'Palampal', 'Fair Oaks', 99738, 'Female', 140222);
insert into customer (id, first_name, last_name, city, street, zip, gender, annual_income) values (7, 'Rhetta', 'Bonass', 'Sagua la Grande', 'Fair Oaks', 80207, 'Male', 109646);
insert into customer (id, first_name, last_name, city, street, zip, gender, annual_income) values (8, 'Sly', 'Piesing', 'Farkhah', 'Loomis', 95300, 'Female', 182543);
insert into customer (id, first_name, last_name, city, street, zip, gender, annual_income) values (9, 'Izaak', 'Jore', 'Estrada', 'Derek', 39427, 'Male', 72893);
insert into customer (id, first_name, last_name, city, street, zip, gender, annual_income) values (10, 'Tallie', 'Normabell', 'Diadi', 'Carberry', 61353, 'Female', 151755);
insert into customer (id, first_name, last_name, city, street, zip, gender, annual_income) values (11, 'Hilton', 'Callingham', 'Nelson', 'Old Shore', 46339, 'Male', 146093);
insert into customer (id, first_name, last_name, city, street, zip, gender, annual_income) values (12, 'Hetti', 'Guilliatt', 'Jingchuan', 'Jackson', 42428, 'Female', 148087);
insert into customer (id, first_name, last_name, city, street, zip, gender, annual_income) values (13, 'Liva', 'Bronger', 'La Jagua de Ibirico', 'Spohn', 28404, 'Female', 172553);
insert into customer (id, first_name, last_name, city, street, zip, gender, annual_income) values (14, 'Tammi', 'Kinane', 'La Sabana', 'Fairfield', 60362, 'Male', 70346);
insert into customer (id, first_name, last_name, city, street, zip, gender, annual_income) values (15, 'Iver', 'Glasard', 'Aparecida', 'Corscot', 96638, 'Male', 64716);
insert into customer (id, first_name, last_name, city, street, zip, gender, annual_income) values (16, 'Marylou', 'D''Ugo', 'Xindu', 'Kropf', 81730, 'Male', 190749);
insert into customer (id, first_name, last_name, city, street, zip, gender, annual_income) values (17, 'Debee', 'Rosborough', 'Calauag', 'Stoughton', 11448, 'Female', 167332);
insert into customer (id, first_name, last_name, city, street, zip, gender, annual_income) values (18, 'Korey', 'Dradey', 'Hezhi', 'Londonderry', 10496, 'Male', 103781);
insert into customer (id, first_name, last_name, city, street, zip, gender, annual_income) values (19, 'Nikolia', 'Stockey', 'Skaudvilė', 'Mayfield', 59041, 'Female', 179083);
insert into customer (id, first_name, last_name, city, street, zip, gender, annual_income) values (20, 'Arv', 'Stiffell', 'Wanasari Baleran', 'Chinook', 11335, 'Male', 192318);
insert into customer (id, first_name, last_name, city, street, zip, gender, annual_income) values (21, 'Jerrold', 'Cowle', 'Limoges', 'Tomscot', 60886, 'Female', 153002);
insert into customer (id, first_name, last_name, city, street, zip, gender, annual_income) values (22, 'Mattheus', 'Thow', 'Ngangpo', 'Mallory', 17886, 'Female', 101741);
insert into customer (id, first_name, last_name, city, street, zip, gender, annual_income) values (23, 'Zena', 'Bengtsson', 'Banjar Penyalin', 'Amoth', 22499, 'Male', 100889);
insert into customer (id, first_name, last_name, city, street, zip, gender, annual_income) values (24, 'Margie', 'McGuggy', 'Tierra y Libertad', 'Onsgard', 35423, 'Female', 161801);
insert into customer (id, first_name, last_name, city, street, zip, gender, annual_income) values (25, 'Mirilla', 'Castagne', 'Shimen', 'Wayridge', 42581, 'Male', 121749);
insert into customer (id, first_name, last_name, city, street, zip, gender, annual_income) values (26, 'Phedra', 'Birds', 'Bumpe', 'Sundown', 57091, 'Female', 73518);
insert into customer (id, first_name, last_name, city, street, zip, gender, annual_income) values (27, 'Lia', 'Redwood', 'Shikou', 'Nova', 21100, 'Female', 30592);
insert into customer (id, first_name, last_name, city, street, zip, gender, annual_income) values (28, 'Ki', 'Sharpe', 'Campinho', 'Steensland', 91344, 'Female', 76725);
insert into customer (id, first_name, last_name, city, street, zip, gender, annual_income) values (29, 'Wade', 'Truter', 'Ouro Preto', 'Warrior', 70831, 'Male', 68478);
insert into customer (id, first_name, last_name, city, street, zip, gender, annual_income) values (30, 'Michel', 'Incogna', 'Promyshlennovskiy', 'Sachtjen', 96600, 'Male', 47848);
insert into customer (id, first_name, last_name, city, street, zip, gender, annual_income) values (31, 'Scarlet', 'Commucci', 'Ngrowo', 'Mallory', 62208, 'Female', 96457);
insert into customer (id, first_name, last_name, city, street, zip, gender, annual_income) values (32, 'Birk', 'Matteo', 'Secunda', 'Arrowood', 25077, 'Male', 47919);
insert into customer (id, first_name, last_name, city, street, zip, gender, annual_income) values (33, 'Brien', 'Matuska', 'Bitola', 'Golf Course', 33337, 'Female', 127420);
insert into customer (id, first_name, last_name, city, street, zip, gender, annual_income) values (34, 'Kalina', 'Tant', 'Lugui', 'Scoville', 15887, 'Male', 77271);
insert into customer (id, first_name, last_name, city, street, zip, gender, annual_income) values (35, 'Sonia', 'Cahey', 'Ropcha', 'Tennyson', 97674, 'Female', 142282);
insert into customer (id, first_name, last_name, city, street, zip, gender, annual_income) values (36, 'Florry', 'Bicksteth', 'Wasior', 'Hintze', 13345, 'Male', 63403);
insert into customer (id, first_name, last_name, city, street, zip, gender, annual_income) values (37, 'Jemie', 'Parratt', 'Shipu', 'Scoville', 87534, 'Male', 43249);
insert into customer (id, first_name, last_name, city, street, zip, gender, annual_income) values (38, 'Janeva', 'Tayloe', 'Huangchuan', 'Buena Vista', 82513, 'Female', 57106);
insert into customer (id, first_name, last_name, city, street, zip, gender, annual_income) values (39, 'Danni', 'Bedome', 'Neglasari', 'Mayfield', 34789, 'Female', 101888);
insert into customer (id, first_name, last_name, city, street, zip, gender, annual_income) values (40, 'Zebadiah', 'Renahan', 'Merklín', 'Spenser', 54730, 'Female', 192972);
insert into customer (id, first_name, last_name, city, street, zip, gender, annual_income) values (41, 'Eugen', 'Gallatly', 'Catia La Mar', 'Cambridge', 72567, 'Male', 134533);
insert into customer (id, first_name, last_name, city, street, zip, gender, annual_income) values (42, 'Dasi', 'O''Fogarty', 'Dongsheng', 'Merrick', 95295, 'Female', 169694);
insert into customer (id, first_name, last_name, city, street, zip, gender, annual_income) values (43, 'Georgiana', 'Templar', 'Wansheng', 'Dahle', 90044, 'Male', 49004);
insert into customer (id, first_name, last_name, city, street, zip, gender, annual_income) values (44, 'Arri', 'Cressy', 'Bergen op Zoom', 'Reinke', 70243, 'Female', 122821);
insert into customer (id, first_name, last_name, city, street, zip, gender, annual_income) values (45, 'Guenevere', 'Recher', 'Repnoye', 'American Ash', 41844, 'Male', 30301);
insert into customer (id, first_name, last_name, city, street, zip, gender, annual_income) values (46, 'Kary', 'Yearnes', 'Huchang', 'Vahlen', 51795, 'Female', 45936);
insert into customer (id, first_name, last_name, city, street, zip, gender, annual_income) values (47, 'Gunther', 'MacGregor', 'Kuala Terengganu', 'Jenna', 64772, 'Male', 166286);
insert into customer (id, first_name, last_name, city, street, zip, gender, annual_income) values (48, 'Geneva', 'Barringer', 'Belém', 'Pond', 72876, 'Female', 99279);
insert into customer (id, first_name, last_name, city, street, zip, gender, annual_income) values (49, 'Lionel', 'Branwhite', 'Perosinho', 'Burning Wood', 60726, 'Female', 72157);
insert into customer (id, first_name, last_name, city, street, zip, gender, annual_income) values (50, 'Grethel', 'Phipson', 'Zhangjia', 'Randy', 57411, 'Female', 54020);
insert into customer (id, first_name, last_name, city, street, zip, gender, annual_income) values (51, 'Maurie', 'MacPharlain', 'Karipidita', 'Delladonna', 44957, 'Female', 185196);
insert into customer (id, first_name, last_name, city, street, zip, gender, annual_income) values (52, 'Giovanni', 'Frossell', 'Färjestaden', 'Clyde Gallagher', 21853, 'Female', 184390);
insert into customer (id, first_name, last_name, city, street, zip, gender, annual_income) values (53, 'Wes', 'Cord', 'La Unión', 'Fairfield', 23925, 'Female', 93023);
insert into customer (id, first_name, last_name, city, street, zip, gender, annual_income) values (54, 'Walker', 'Flann', 'La Cruz de Taratara', 'Mayer', 85786, 'Male', 56306);
insert into customer (id, first_name, last_name, city, street, zip, gender, annual_income) values (55, 'Margarette', 'Sperring', 'Infanta', 'Sullivan', 85604, 'Male', 135139);
insert into customer (id, first_name, last_name, city, street, zip, gender, annual_income) values (56, 'Alyson', 'Mennear', 'Kpalimé', 'Maryland', 12851, 'Female', 172872);
insert into customer (id, first_name, last_name, city, street, zip, gender, annual_income) values (57, 'Alaine', 'Fairlie', 'Kalkal Barat', 'Rutledge', 83564, 'Male', 56868);
insert into customer (id, first_name, last_name, city, street, zip, gender, annual_income) values (58, 'Tomlin', 'Scole', 'Zhuqi', 'Monument', 70367, 'Male', 83011);
insert into customer (id, first_name, last_name, city, street, zip, gender, annual_income) values (59, 'Ruby', 'Heart', 'Pedro Betancourt', 'Anderson', 96951, 'Female', 51710);
insert into customer (id, first_name, last_name, city, street, zip, gender, annual_income) values (60, 'Cassandre', 'Fyldes', 'Dazaifu', 'Northwestern', 25685, 'Male', 40847);
insert into customer (id, first_name, last_name, city, street, zip, gender, annual_income) values (61, 'Hashim', 'Demann', 'Gensi', 'New Castle', 21707, 'Female', 86902);
insert into customer (id, first_name, last_name, city, street, zip, gender, annual_income) values (62, 'Wendall', 'Kells', 'Valledupar', 'Tennessee', 64651, 'Female', 38175);
insert into customer (id, first_name, last_name, city, street, zip, gender, annual_income) values (63, 'Ursala', 'Spellsworth', 'Lloque', 'Saint Paul', 13158, 'Male', 53554);
insert into customer (id, first_name, last_name, city, street, zip, gender, annual_income) values (64, 'Dex', 'Kemer', 'Dubovka', 'Carpenter', 24781, 'Female', 33287);
insert into customer (id, first_name, last_name, city, street, zip, gender, annual_income) values (65, 'Edmon', 'Arkell', 'Yirshi', 'Arapahoe', 73791, 'Female', 36956);
insert into customer (id, first_name, last_name, city, street, zip, gender, annual_income) values (66, 'Harlin', 'Caddy', 'San Vicente', 'Corben', 85965, 'Female', 162350);
insert into customer (id, first_name, last_name, city, street, zip, gender, annual_income) values (67, 'Ari', 'Reedick', 'Punolu', 'Donald', 43001, 'Female', 69496);
insert into customer (id, first_name, last_name, city, street, zip, gender, annual_income) values (68, 'Granger', 'Elland', 'Erling', 'Darwin', 16623, 'Female', 195058);
insert into customer (id, first_name, last_name, city, street, zip, gender, annual_income) values (69, 'Chelsy', 'Ditter', 'Weixin', 'Southridge', 33484, 'Female', 135753);
insert into customer (id, first_name, last_name, city, street, zip, gender, annual_income) values (70, 'Barnett', 'Mossbee', 'Ćmielów', 'Dovetail', 80079, 'Female', 31467);
insert into customer (id, first_name, last_name, city, street, zip, gender, annual_income) values (71, 'Newton', 'Rieme', 'Viçosa do Ceará', 'Green', 88154, 'Male', 127227);
insert into customer (id, first_name, last_name, city, street, zip, gender, annual_income) values (72, 'Gray', 'Santostefano.', 'New Orleans', 'Sauthoff', 91938, 'Female', 131906);
insert into customer (id, first_name, last_name, city, street, zip, gender, annual_income) values (73, 'Silvanus', 'Breens', 'Tamorot', 'Spaight', 35795, 'Male', 107077);
insert into customer (id, first_name, last_name, city, street, zip, gender, annual_income) values (74, 'Clareta', 'Sauniere', 'Stenungsund', 'Northview', 86302, 'Female', 176543);
insert into customer (id, first_name, last_name, city, street, zip, gender, annual_income) values (75, 'Floris', 'Dayborne', 'Bagroy', 'Parkside', 17893, 'Male', 118469);
insert into customer (id, first_name, last_name, city, street, zip, gender, annual_income) values (76, 'Renae', 'Wolfenden', 'Paagahan', 'Dapin', 68845, 'Female', 186272);
insert into customer (id, first_name, last_name, city, street, zip, gender, annual_income) values (77, 'Rayshell', 'Overal', 'Mae Hi', 'Buell', 76493, 'Male', 65633);
insert into customer (id, first_name, last_name, city, street, zip, gender, annual_income) values (78, 'Candice', 'Cheng', 'Nong Don', 'Macpherson', 14475, 'Female', 190606);
insert into customer (id, first_name, last_name, city, street, zip, gender, annual_income) values (79, 'Teddy', 'Manuele', 'Kentville', 'Doe Crossing', 17360, 'Male', 92810);
insert into customer (id, first_name, last_name, city, street, zip, gender, annual_income) values (80, 'Libby', 'Banton', 'Hexi', 'Hansons', 86363, 'Male', 135921);
insert into customer (id, first_name, last_name, city, street, zip, gender, annual_income) values (81, 'Florella', 'Codron', 'Pegões', 'Rockefeller', 38339, 'Female', 94097);
insert into customer (id, first_name, last_name, city, street, zip, gender, annual_income) values (82, 'Minerva', 'Vinker', 'Feikeng', 'Shelley', 18300, 'Female', 198999);
insert into customer (id, first_name, last_name, city, street, zip, gender, annual_income) values (83, 'Sheryl', 'Mash', 'Tangchi', 'Nancy', 76272, 'Female', 94035);
insert into customer (id, first_name, last_name, city, street, zip, gender, annual_income) values (84, 'Darci', 'Durnin', 'Banepa', 'Bayside', 28345, 'Female', 199904);
insert into customer (id, first_name, last_name, city, street, zip, gender, annual_income) values (85, 'Timothee', 'Hardiman', 'Kuvshinovo', 'Northview', 86113, 'Male', 81625);
insert into customer (id, first_name, last_name, city, street, zip, gender, annual_income) values (86, 'Reggis', 'Dillimore', 'Tabinay', 'Farwell', 84881, 'Male', 158394);
insert into customer (id, first_name, last_name, city, street, zip, gender, annual_income) values (87, 'Oralee', 'Yurikov', 'Al Bayḑā’', 'Melby', 16805, 'Female', 157449);
insert into customer (id, first_name, last_name, city, street, zip, gender, annual_income) values (88, 'Leupold', 'Quantrill', 'Batarasa', 'Towne', 60935, 'Female', 193979);
insert into customer (id, first_name, last_name, city, street, zip, gender, annual_income) values (89, 'Amii', 'Blinder', 'Artur Nogueira', 'Stang', 74246, 'Female', 95119);
insert into customer (id, first_name, last_name, city, street, zip, gender, annual_income) values (90, 'Sissy', 'Giannotti', 'Chengjiao', 'Packers', 21662, 'Male', 115914);
insert into customer (id, first_name, last_name, city, street, zip, gender, annual_income) values (91, 'Kelly', 'Siggens', 'Hujia', 'Eliot', 74086, 'Male', 95977);
insert into customer (id, first_name, last_name, city, street, zip, gender, annual_income) values (92, 'Tomasina', 'Brammall', 'San Juan de los Morros', 'Little Fleur', 71606, 'Female', 130922);
insert into customer (id, first_name, last_name, city, street, zip, gender, annual_income) values (93, 'Brody', 'Raistrick', 'Postira', 'Darwin', 70456, 'Female', 120599);
insert into customer (id, first_name, last_name, city, street, zip, gender, annual_income) values (94, 'Leonid', 'Dorricott', 'Ulaanbaatar', 'Vidon', 62016, 'Female', 136088);
insert into customer (id, first_name, last_name, city, street, zip, gender, annual_income) values (95, 'Dareen', 'Henaughan', 'Wangcun', 'Roxbury', 73467, 'Male', 111647);
insert into customer (id, first_name, last_name, city, street, zip, gender, annual_income) values (96, 'Cicily', 'Ashmore', 'Kirkkonummi', 'Judy', 51840, 'Male', 142109);
insert into customer (id, first_name, last_name, city, street, zip, gender, annual_income) values (97, 'Aviva', 'Heigho', 'Shekou', 'Arrowood', 37566, 'Female', 56664);
insert into customer (id, first_name, last_name, city, street, zip, gender, annual_income) values (98, 'Coralyn', 'Dell ''Orto', 'Oeba', 'Bartillon', 94833, 'Female', 99133);
insert into customer (id, first_name, last_name, city, street, zip, gender, annual_income) values (99, 'Wynne', 'Nussey', 'María la Baja', 'American', 46411, 'Male', 69512);
insert into customer (id, first_name, last_name, city, street, zip, gender, annual_income) values (100, 'Toby', 'Escalero', 'Sambonggede', 'Barby', 38451, 'Male', 31098);

insert into sales (id, date, vin, dealer_id, customer_id, price ) values (1, '1/5/2021', '5N1AT2ML4FC335700', 10, 59,26187);
insert into sales (id, date, vin, dealer_id, customer_id, price ) values (2, '3/12/2021', 'WBAYE8C52ED914628', 9, 7,10775);
insert into sales (id, date, vin, dealer_id, customer_id, price ) values (3, '8/22/2021', '1G6DM577480503731', 7, 94,30561);
insert into sales (id, date, vin, dealer_id, customer_id, price ) values (4, '7/1/2021', 'WVGAV3AX3DW121042', 3, 47,18883);
insert into sales (id, date, vin, dealer_id, customer_id, price ) values (5, '4/23/2021', '3VW4T7AT2DM903647', 7, 92,32308);
insert into sales (id, date, vin, dealer_id, customer_id, price ) values (6, '10/24/2021', 'JH4DC53863C812816', 2, 85,44825);
insert into sales (id, date, vin, dealer_id, customer_id, price ) values (7, '12/20/2020', 'WAUAF78E07A630243', 10, 30,17569);
insert into sales (id, date, vin, dealer_id, customer_id, price ) values (8, '10/25/2021', '2C3CDXL92FH842562', 10, 69,36911);
insert into sales (id, date, vin, dealer_id, customer_id, price ) values (9, '3/17/2021', '4T1BF3EK3BU005719', 10, 18,30112);
insert into sales (id, date, vin, dealer_id, customer_id, price ) values (10, '12/31/2020', 'JTDKN3DP7C3840170', 9, 64,16412);
insert into sales (id, date, vin, dealer_id, customer_id, price ) values (11, '1/12/2021', 'WBA3N3C50EK914992', 1, 32,38128);
insert into sales (id, date, vin, dealer_id, customer_id, price ) values (12, '3/6/2021', '3FADP4AJ4EM159450', 5, 96,12989);
insert into sales (id, date, vin, dealer_id, customer_id, price ) values (13, '7/16/2021', 'WAUMF78K79A822569', 8, 12,34189);
insert into sales (id, date, vin, dealer_id, customer_id, price ) values (14, '10/31/2021', 'WAUUL98E16A148753', 7, 51,43304);
insert into sales (id, date, vin, dealer_id, customer_id, price ) values (15, '6/14/2021', '3C3CFFDR8CT619562', 4, 47,22280);
insert into sales (id, date, vin, dealer_id, customer_id, price ) values (16, '1/15/2021', '1FTEW1CM5BF736079', 5, 55,10919);
insert into sales (id, date, vin, dealer_id, customer_id, price ) values (17, '10/7/2021', 'WP0CA2A81FS356710', 5, 9,10597);
insert into sales (id, date, vin, dealer_id, customer_id, price ) values (18, '8/3/2021', '3C4PDDDG2FT187772', 10, 61,11172);
insert into sales (id, date, vin, dealer_id, customer_id, price ) values (19, '12/11/2020', '1FTEW1CM8EF457911', 7, 9,48307);
insert into sales (id, date, vin, dealer_id, customer_id, price ) values (20, '9/19/2021', '3VW467AT6DM946816', 1, 11,27955);
insert into sales (id, date, vin, dealer_id, customer_id, price ) values (21, '5/2/2021', 'WAULFAFR0BA400965', 2, 9,48589);
insert into sales (id, date, vin, dealer_id, customer_id, price ) values (22, '5/19/2021', 'WBA3A5G58EN318187', 1, 65,35373);
insert into sales (id, date, vin, dealer_id, customer_id, price ) values (23, '11/10/2021', 'WDDEJ7HBXAA661005', 10, 52,36935);
insert into sales (id, date, vin, dealer_id, customer_id, price ) values (24, '3/25/2021', 'JM3TB2MA0A0715519', 1, 22,43879);
insert into sales (id, date, vin, dealer_id, customer_id, price ) values (25, '11/10/2021', 'WAUAF68E05A476589', 4, 13,45956);
insert into sales (id, date, vin, dealer_id, customer_id, price ) values (26, '4/3/2021', 'WAUAH94F86N547235', 1, 66,47127);
insert into sales (id, date, vin, dealer_id, customer_id, price ) values (27, '8/21/2021', '3GYT4MEF6CG631500', 9, 34,30432);
insert into sales (id, date, vin, dealer_id, customer_id, price ) values (28, '7/15/2021', 'WBAFB33401L413571', 6, 37,29520);
insert into sales (id, date, vin, dealer_id, customer_id, price ) values (29, '4/22/2021', 'WAUFFAFC6EN487616', 7, 33,36186);
insert into sales (id, date, vin, dealer_id, customer_id, price ) values (30, '11/19/2021', 'SCFBB03C09G363946', 5, 100,34255);
insert into sales (id, date, vin, dealer_id, customer_id, price ) values (31, '3/31/2021', 'WBASP0C57DC068941', 5, 17,36518);
insert into sales (id, date, vin, dealer_id, customer_id, price ) values (32, '8/23/2021', 'WBSBL93466P734296', 5, 35,21319);
insert into sales (id, date, vin, dealer_id, customer_id, price ) values (33, '7/15/2021', '1D4PT5GKXBW184277', 5, 24,19547);
insert into sales (id, date, vin, dealer_id, customer_id, price ) values (34, '12/6/2020', '3C6TD5KT2CG156862', 2, 13,18072);
insert into sales (id, date, vin, dealer_id, customer_id, price ) values (35, '3/11/2021', '1GYS4NKJ1FR804273', 4, 30,21998);
insert into sales (id, date, vin, dealer_id, customer_id, price ) values (36, '9/28/2021', '2C3CDXDT6EH326911', 4, 76,22711);
insert into sales (id, date, vin, dealer_id, customer_id, price ) values (37, '8/2/2021', '1HGCR2E73FA228924', 3, 86,11483);
insert into sales (id, date, vin, dealer_id, customer_id, price ) values (38, '8/10/2021', '1ZVBP8AM9C5151167', 7, 20,13315);
insert into sales (id, date, vin, dealer_id, customer_id, price ) values (39, '1/7/2021', 'WAUVVAFR3BA790620', 9, 43,39478);
insert into sales (id, date, vin, dealer_id, customer_id, price ) values (40, '12/15/2020', 'JH4DC53072C447443', 7, 88,36752);

insert into inventory (id, dealer_id, city, street, zip, capacity) values (1, 9, 'Baharly', 'Hallows', 39000, 91);
insert into inventory (id, dealer_id, city, street, zip, capacity) values (2, 1, 'Tibigan', 'Arapahoe', 59670, 88);
insert into inventory (id, dealer_id, city, street, zip, capacity) values (3, 2, 'Pajo', 'Almo', 27151, 82);
insert into inventory (id, dealer_id, city, street, zip, capacity) values (4, 6, 'Muzambinho', 'Bellgrove', 60434, 67);
insert into inventory (id, dealer_id, city, street, zip, capacity) values (5, 5, 'Tabuaço', 'Dennis', 45161, 77);
insert into inventory (id, dealer_id, city, street, zip, capacity) values (6, 3, 'Uyo', 'Manitowish', 77108, 80);
insert into inventory (id, dealer_id, city, street, zip, capacity) values (7, 9, 'Urazovka', 'Mcbride', 49361, 75);
insert into inventory (id, dealer_id, city, street, zip, capacity) values (8, 3, 'Kayunga', 'Hintze', 43256, 75);
insert into inventory (id, dealer_id, city, street, zip, capacity) values (9, 6, 'Imperatriz', 'Sutteridge', 81543, 91);
insert into inventory (id, dealer_id, city, street, zip, capacity) values (10, 7, 'Rancharia', 'Stephen', 49990, 77);
insert into inventory (id, dealer_id, city, street, zip, capacity) values (11, 1, 'Pancan', 'Longview', 89244, 94);
insert into inventory (id, dealer_id, city, street, zip, capacity) values (12, 2, 'Quankou', 'Banding', 83489, 58);
insert into inventory (id, dealer_id, city, street, zip, capacity) values (13, 8, 'Skhodnya', 'Elgar', 32911, 92);
insert into inventory (id, dealer_id, city, street, zip, capacity) values (14, 5, 'Mont-Dore', 'Colorado', 38907, 64);
insert into inventory (id, dealer_id, city, street, zip, capacity) values (15, 8, 'Valdemarsvik', 'Summit', 99697, 82);
insert into inventory (id, dealer_id, city, street, zip, capacity) values (16, 6, 'Standerton', 'Dawn', 18087, 98);
insert into inventory (id, dealer_id, city, street, zip, capacity) values (17, 2, 'Tignapalan', 'Mcguire', 43980, 62);
insert into inventory (id, dealer_id, city, street, zip, capacity) values (18, 1, 'Cabrela', 'Stone Corner', 65006, 94);
insert into inventory (id, dealer_id, city, street, zip, capacity) values (19, 6, 'Tegalgede Kulon', 'Warbler', 39697, 62);
insert into inventory (id, dealer_id, city, street, zip, capacity) values (20, 3, 'Rennes', 'Eastwood', 59287, 71);

insert into inventory_cars (id, vin, inventory_id, date, factory_id) values (1, '3N1AB7AP9FY249031', 7, '8/22/2021', 3);
insert into inventory_cars (id, vin, inventory_id, date, factory_id) values (2, 'WBA3V5C56F5071778', 13, '9/1/2021', 3);
insert into inventory_cars (id, vin, inventory_id, date, factory_id) values (3, '1N6AD0CW6EN552232', 12, '3/10/2021', 3);
insert into inventory_cars (id, vin, inventory_id, date, factory_id) values (4, 'WBA3N7C53FK555016', 9, '5/30/2021', 1);
insert into inventory_cars (id, vin, inventory_id, date, factory_id) values (5, 'JN1AZ4FH5FM827432', 11, '7/18/2021', 4);
insert into inventory_cars (id, vin, inventory_id, date, factory_id) values (6, 'WAUEH98E86A263338', 2, '2/18/2021', 6);
insert into inventory_cars (id, vin, inventory_id, date, factory_id) values (7, '1G6DE8E54D0311428', 13, '1/12/2021', 5);
insert into inventory_cars (id, vin, inventory_id, date, factory_id) values (8, '1G4PR5SK1D4239910', 16, '1/15/2021', 6);
insert into inventory_cars (id, vin, inventory_id, date, factory_id) values (9, 'WAULT68E62A090482', 14, '6/25/2021', 1);
insert into inventory_cars (id, vin, inventory_id, date, factory_id) values (10, 'WA1UFAFL7EA247101', 14, '9/14/2021', 5);
insert into inventory_cars (id, vin, inventory_id, date, factory_id) values (11, '1G4HP57257U032878', 9, '9/5/2021', 5);
insert into inventory_cars (id, vin, inventory_id, date, factory_id) values (12, 'KM8NU4CC6CU852417', 8, '6/27/2021', 2);
insert into inventory_cars (id, vin, inventory_id, date, factory_id) values (13, '1G6DS5EV5A0915704', 5, '7/5/2021', 6);
insert into inventory_cars (id, vin, inventory_id, date, factory_id) values (14, 'JN1CV6FE9FM078897', 17, '3/29/2021', 6);
insert into inventory_cars (id, vin, inventory_id, date, factory_id) values (15, '1N4AL3AP9DC825845', 4, '4/15/2021', 6);
insert into inventory_cars (id, vin, inventory_id, date, factory_id) values (16, '1N6AA0EC5EN679064', 16, '7/31/2021', 2);
insert into inventory_cars (id, vin, inventory_id, date, factory_id) values (17, 'WAUYP54B41N457466', 10, '1/2/2021', 3);
insert into inventory_cars (id, vin, inventory_id, date, factory_id) values (18, '1G6AS5SX3E0585317', 1, '11/5/2021', 5);
insert into inventory_cars (id, vin, inventory_id, date, factory_id) values (19, 'WAUML54D41N416363', 4, '1/31/2021', 6);
insert into inventory_cars (id, vin, inventory_id, date, factory_id) values (20, '2C3CCABG6CH261402', 10, '7/4/2021', 6);

insert into company_suppliers values('Bosch','Volkswagen Group');
insert into company_suppliers values('Getrag','Nissan Group');
insert into company_suppliers values('Mercedes-Benz','Mercedes-Benz');
insert into company_suppliers values('BMW','BMW Group');
insert into company_suppliers values('Toyota','Toyota Group');

insert into customers_phones (id, phone_number, customer_id) values (1, '547-471-7150', 85);
insert into customers_phones (id, phone_number, customer_id) values (2, '918-721-6034', 77);
insert into customers_phones (id, phone_number, customer_id) values (3, '306-158-7670', 24);
insert into customers_phones (id, phone_number, customer_id) values (4, '689-902-4720', 97);
insert into customers_phones (id, phone_number, customer_id) values (5, '936-969-6924', 45);
insert into customers_phones (id, phone_number, customer_id) values (6, '573-710-3436', 6);
insert into customers_phones (id, phone_number, customer_id) values (7, '822-187-0769', 6);
insert into customers_phones (id, phone_number, customer_id) values (8, '446-565-1694', 61);
insert into customers_phones (id, phone_number, customer_id) values (9, '859-522-9724', 58);
insert into customers_phones (id, phone_number, customer_id) values (10, '619-190-7928', 84);
insert into customers_phones (id, phone_number, customer_id) values (11, '802-611-1858', 39);
insert into customers_phones (id, phone_number, customer_id) values (12, '369-271-9002', 96);
insert into customers_phones (id, phone_number, customer_id) values (13, '296-111-3118', 50);
insert into customers_phones (id, phone_number, customer_id) values (14, '467-706-4683', 39);
insert into customers_phones (id, phone_number, customer_id) values (15, '993-786-1680', 61);
insert into customers_phones (id, phone_number, customer_id) values (16, '753-408-9563', 49);
insert into customers_phones (id, phone_number, customer_id) values (17, '845-681-0545', 41);
insert into customers_phones (id, phone_number, customer_id) values (18, '608-693-6829', 25);
insert into customers_phones (id, phone_number, customer_id) values (19, '830-177-3027', 73);
insert into customers_phones (id, phone_number, customer_id) values (20, '775-439-3583', 38);
insert into customers_phones (id, phone_number, customer_id) values (21, '376-229-3425', 53);
insert into customers_phones (id, phone_number, customer_id) values (22, '369-902-4233', 24);
insert into customers_phones (id, phone_number, customer_id) values (23, '428-105-5665', 13);
insert into customers_phones (id, phone_number, customer_id) values (24, '529-987-8475', 4);
insert into customers_phones (id, phone_number, customer_id) values (25, '128-375-4245', 96);
insert into customers_phones (id, phone_number, customer_id) values (26, '195-886-4026', 17);
insert into customers_phones (id, phone_number, customer_id) values (27, '163-497-2374', 93);
insert into customers_phones (id, phone_number, customer_id) values (28, '836-343-8090', 77);
insert into customers_phones (id, phone_number, customer_id) values (29, '262-671-3501', 45);
insert into customers_phones (id, phone_number, customer_id) values (30, '657-197-3618', 43);
insert into customers_phones (id, phone_number, customer_id) values (31, '337-241-1834', 23);
insert into customers_phones (id, phone_number, customer_id) values (32, '435-335-7785', 21);
insert into customers_phones (id, phone_number, customer_id) values (33, '880-535-4108', 87);
insert into customers_phones (id, phone_number, customer_id) values (34, '636-648-3893', 7);
insert into customers_phones (id, phone_number, customer_id) values (35, '146-940-6788', 3);
insert into customers_phones (id, phone_number, customer_id) values (36, '989-241-2045', 96);
insert into customers_phones (id, phone_number, customer_id) values (37, '675-838-6835', 24);
insert into customers_phones (id, phone_number, customer_id) values (38, '487-361-7073', 4);
insert into customers_phones (id, phone_number, customer_id) values (39, '323-567-6977', 29);
insert into customers_phones (id, phone_number, customer_id) values (40, '180-866-0699', 53);
insert into customers_phones (id, phone_number, customer_id) values (41, '713-176-6437', 73);
insert into customers_phones (id, phone_number, customer_id) values (42, '767-852-5140', 67);
insert into customers_phones (id, phone_number, customer_id) values (43, '790-811-6965', 8);
insert into customers_phones (id, phone_number, customer_id) values (44, '704-922-7392', 67);
insert into customers_phones (id, phone_number, customer_id) values (45, '416-159-7551', 50);
insert into customers_phones (id, phone_number, customer_id) values (46, '842-630-9142', 51);
insert into customers_phones (id, phone_number, customer_id) values (47, '820-717-0339', 90);
insert into customers_phones (id, phone_number, customer_id) values (48, '124-841-3991', 14);
insert into customers_phones (id, phone_number, customer_id) values (49, '672-530-2926', 50);
insert into customers_phones (id, phone_number, customer_id) values (50, '641-257-1868', 78);
insert into customers_phones (id, phone_number, customer_id) values (51, '800-116-0732', 49);
insert into customers_phones (id, phone_number, customer_id) values (52, '371-997-3849', 99);
insert into customers_phones (id, phone_number, customer_id) values (53, '945-908-1832', 40);
insert into customers_phones (id, phone_number, customer_id) values (54, '730-944-0741', 99);
insert into customers_phones (id, phone_number, customer_id) values (55, '770-140-4707', 9);
insert into customers_phones (id, phone_number, customer_id) values (56, '947-930-1142', 36);
insert into customers_phones (id, phone_number, customer_id) values (57, '802-438-8268', 61);
insert into customers_phones (id, phone_number, customer_id) values (58, '883-687-2490', 4);
insert into customers_phones (id, phone_number, customer_id) values (59, '437-596-3406', 60);
insert into customers_phones (id, phone_number, customer_id) values (60, '168-260-8385', 44);
insert into customers_phones (id, phone_number, customer_id) values (61, '301-780-7279', 40);
insert into customers_phones (id, phone_number, customer_id) values (62, '739-225-0046', 76);
insert into customers_phones (id, phone_number, customer_id) values (63, '309-292-8972', 67);
insert into customers_phones (id, phone_number, customer_id) values (64, '308-349-6901', 5);
insert into customers_phones (id, phone_number, customer_id) values (65, '403-513-2001', 64);
insert into customers_phones (id, phone_number, customer_id) values (66, '724-416-3315', 6);
insert into customers_phones (id, phone_number, customer_id) values (67, '985-384-9153', 73);
insert into customers_phones (id, phone_number, customer_id) values (68, '685-649-6279', 95);
insert into customers_phones (id, phone_number, customer_id) values (69, '642-170-6134', 46);
insert into customers_phones (id, phone_number, customer_id) values (70, '809-925-2438', 19);
insert into customers_phones (id, phone_number, customer_id) values (71, '600-694-2563', 28);
insert into customers_phones (id, phone_number, customer_id) values (72, '744-376-0819', 40);
insert into customers_phones (id, phone_number, customer_id) values (73, '119-631-8126', 5);
insert into customers_phones (id, phone_number, customer_id) values (74, '106-394-1393', 36);
insert into customers_phones (id, phone_number, customer_id) values (75, '867-923-4087', 8);
insert into customers_phones (id, phone_number, customer_id) values (76, '386-119-5241', 91);
insert into customers_phones (id, phone_number, customer_id) values (77, '468-598-9623', 49);
insert into customers_phones (id, phone_number, customer_id) values (78, '896-620-5749', 47);
insert into customers_phones (id, phone_number, customer_id) values (79, '552-376-3132', 81);
insert into customers_phones (id, phone_number, customer_id) values (80, '660-258-8817', 2);
insert into customers_phones (id, phone_number, customer_id) values (81, '943-925-1459', 58);
insert into customers_phones (id, phone_number, customer_id) values (82, '202-641-6363', 24);
insert into customers_phones (id, phone_number, customer_id) values (83, '431-674-6170', 5);
insert into customers_phones (id, phone_number, customer_id) values (84, '512-236-4655', 26);
insert into customers_phones (id, phone_number, customer_id) values (85, '396-953-4284', 81);
insert into customers_phones (id, phone_number, customer_id) values (86, '430-399-4316', 83);
insert into customers_phones (id, phone_number, customer_id) values (87, '317-366-7042', 90);
insert into customers_phones (id, phone_number, customer_id) values (88, '250-754-6851', 1);
insert into customers_phones (id, phone_number, customer_id) values (89, '816-787-5579', 21);
insert into customers_phones (id, phone_number, customer_id) values (90, '536-271-7245', 87);
insert into customers_phones (id, phone_number, customer_id) values (91, '566-125-0318', 47);
insert into customers_phones (id, phone_number, customer_id) values (92, '494-299-4174', 27);
insert into customers_phones (id, phone_number, customer_id) values (93, '165-924-9769', 45);
insert into customers_phones (id, phone_number, customer_id) values (94, '776-982-3040', 30);
insert into customers_phones (id, phone_number, customer_id) values (95, '942-244-0459', 28);
insert into customers_phones (id, phone_number, customer_id) values (96, '961-927-2546', 54);
insert into customers_phones (id, phone_number, customer_id) values (97, '824-943-0205', 35);
insert into customers_phones (id, phone_number, customer_id) values (98, '899-142-1146', 39);
insert into customers_phones (id, phone_number, customer_id) values (99, '278-100-4984', 23);
insert into customers_phones (id, phone_number, customer_id) values (100, '461-859-8591', 58);

insert into dealers_phones (id, phone_number, dealer_id) values (1, '433-303-5564', 1);
insert into dealers_phones (id, phone_number, dealer_id) values (2, '502-633-7683', 6);
insert into dealers_phones (id, phone_number, dealer_id) values (3, '363-496-5643', 1);
insert into dealers_phones (id, phone_number, dealer_id) values (4, '951-590-6760', 2);
insert into dealers_phones (id, phone_number, dealer_id) values (5, '470-278-2746', 5);
insert into dealers_phones (id, phone_number, dealer_id) values (6, '333-748-0140', 6);
insert into dealers_phones (id, phone_number, dealer_id) values (7, '806-668-5871', 10);
insert into dealers_phones (id, phone_number, dealer_id) values (8, '304-407-8323', 9);
insert into dealers_phones (id, phone_number, dealer_id) values (9, '865-292-2931', 2);
insert into dealers_phones (id, phone_number, dealer_id) values (10, '505-731-7200', 9);
insert into dealers_phones (id, phone_number, dealer_id) values (11, '625-308-0411', 4);
insert into dealers_phones (id, phone_number, dealer_id) values (12, '917-740-5539', 5);
insert into dealers_phones (id, phone_number, dealer_id) values (13, '643-995-9505', 10);
insert into dealers_phones (id, phone_number, dealer_id) values (14, '762-770-4526', 3);
insert into dealers_phones (id, phone_number, dealer_id) values (15, '685-615-2708', 4);
insert into dealers_phones (id, phone_number, dealer_id) values (16, '823-834-4323', 2);
insert into dealers_phones (id, phone_number, dealer_id) values (17, '124-153-4636', 4);
insert into dealers_phones (id, phone_number, dealer_id) values (18, '124-808-7667', 5);
insert into dealers_phones (id, phone_number, dealer_id) values (19, '414-295-7798', 4);
insert into dealers_phones (id, phone_number, dealer_id) values (20, '781-326-7132', 6);
insert into dealers_phones (id, phone_number, dealer_id) values (21, '463-449-1616', 9);
insert into dealers_phones (id, phone_number, dealer_id) values (22, '943-173-3241', 2);
insert into dealers_phones (id, phone_number, dealer_id) values (23, '255-333-8677', 9);
insert into dealers_phones (id, phone_number, dealer_id) values (24, '301-555-0886', 7);
insert into dealers_phones (id, phone_number, dealer_id) values (25, '219-947-0399', 5);
insert into dealers_phones (id, phone_number, dealer_id) values (26, '480-876-4304', 7);
insert into dealers_phones (id, phone_number, dealer_id) values (27, '563-630-1295', 9);
insert into dealers_phones (id, phone_number, dealer_id) values (28, '267-221-6307', 9);
insert into dealers_phones (id, phone_number, dealer_id) values (29, '200-837-7681', 8);
insert into dealers_phones (id, phone_number, dealer_id) values (30, '393-395-1418', 4);
